[
    {
        "id": "1",
        "title": "movie-1",
        "rating": "4",
        "date": "2022-10-12"
    },
    {
        "id": "2",
        "title": "movie-2",
        "rating": "2",
        "date": "2022-08-12"
    },
    {
        "id": "3",
        "title": "movie-3",
        "rating": "3",
        "date": "2021-10-12"
    },
    {
        "id": "4",
        "title": "movie-4",
        "rating": "2.5",
        "date": "2022-10-12"
    },
    {
        "id": "5",
        "title": "movie-5",
        "rating": "1",
        "date": "2022-10-12"
    },
    {
        "id": "6",
        "title": "movie-6",
        "rating": "4",
        "date": "2022-10-12"
    },
    {
        "id": "7",
        "title": "movie-7",
        "rating": "4",
        "date": "2022-10-12"
    },
    {
        "id": "8",
        "title": "movie-8",
        "rating": "4",
        "date": "2022-10-12"
    },
    {
        "id": "9",
        "title": "movie-9",
        "rating": "4",
        "date": "2022-10-12"
    },
    {
        "id": "10",
        "title": "movie-10",
        "rating": "4",
        "date": "2022-10-12"
    }
]